PK6aSizckHFWk8i0oxt5DA,2.0
6ilJq_05xRgek_8qUp36-g,2.0
CL3tZqbYT7B5zgewKCS6-Q,1.0
bZcqORBnVApUA2-SEn7VEQ,2.0
BbIh5NTizhV4Fq_mLmNkpg,1.5
4LcFKTr6Ah87VcxW2z5e6w,1.5
l2gPB9mqiHSbpwSUa7zrjg,2.0
GSiHJG8LqTn5ZQAY1r9q9w,1.5
vWnwaD-kykqiEc2Q0hbYsw,1.5
xUf11yTcoRagwNiJcY8GAA,1.0
EZrCQtZxiEo1kkAYt2EQqw,2.0
qJTHaHFKQIKXKX3I17Nw9w,2.0
5vLVIomtminS_q8itJquEQ,1.5
e2K0YQel5Fth0_vur2dN8w,2.0
JgGpBGMAb1Nc2Z5jVIwZMA,2.0
X-uPUUV7xPiKivsQzJD-wg,1.5
z2uFdzUyJniU4yysFJvSrQ,2.0
q52H04woL1Oy1CVrUQu3bg,1.5
P4r-LsB1ldgvlgli40Yu-Q,2.0
NcRGwvp9SX14gAmJhCYIpQ,2.0
6Re0uCzZeFxVUo8R9eqqXw,1.0
3IDt1SaDYwo6QKKV7gsuyQ,1.5
2mmxmtwEli9CycpLcVpZgw,2.0
mh1le9QGMrZLohAjfheJJg,2.0
SXvbOMPd7jNgTkY6pqMWGw,1.0
jr8D3lu1S0-eRpIVxkKnMA,1.5
TEI2iTi3qL3r0yz2Ha5iLQ,1.5
wtsZRbvnrDwQK2w_HAP0rQ,2.0
98hOHm56D0Boz2LCg0-irg,2.0
UvuUOiP0oIgJ2H_8J6h6Zg,2.0
xH9zGlw85wE3q5YJ5D230Q,2.0
NKDeqe-I2dD1MAtumoIyYQ,1.5
pgJ-fy_EAKl5vI-uxV7ORQ,2.0
oP9AEoTeun7L-dPeSxJw_A,1.5
Zc2IwSzGY63zkyhfNrr7HA,2.0
cruBFtsFaBuhX_I72uU8pA,2.0
IEmqrFe96NOhU07TA0rZdw,2.0
3zD6rxB92Mr0jb-LoYFFWw,1.5
04h3nxtkDfaKsJhrKRHZ-Q,2.0
unMqU0OrlniCOKZIoQHb0A,1.0
XWDk-pLSbVE2Vvv9Z-zusQ,1.5
pSiRWeCqs7a1xvS9ycLoTQ,2.0
q83uB6EGF6y2MuR-7VZPRg,2.0
QB64-PgfEUzbrOL50bJ0Bw,2.0
1YEuqVtVMHdpavzoGcUUug,2.0
pHBQ-dQRwN3z7Rq7iSog-A,1.5
8AGIIxZ-BBHbEGsgmhOOwA,1.0
kOXJrbuB1a1Na6sf_WQnDg,2.0
cCStad4wX3ADPbz5AHCn9g,1.0
Xia0Lo492MDWbCd48scnYA,1.5
L3S29vAyPOxmDZ04AilwnQ,1.0
79hY0d7j45ZRjTAB2d0jQQ,1.5
dXLRevtIEnAvjUhPM_zTEg,2.0
xKoqmvyHBovS7RmKQn3_jg,2.0
5XIvwfbIa-vuFEkkeCQ6kQ,2.0
s6zzKc7UvwDRxn-BFlhiTg,2.0
xH5axHFadmc7Veutt376TA,1.5
x8WoC_7WHzXNmt6J13Nbvw,2.0
avPNEqlXgyBvTXjb-ujQFA,2.0
g4Eit1EeeEGhTVik6AWYsA,1.5
OkXpdUozVS3vjSRtCoSIvw,2.0
RoErsFPM0A-1SCqD-FRV_Q,1.0
JxgoluY8hnC34cys_f80xA,2.0
YSQnaRE4Le6CaonZICFyVQ,2.0
u0zjW7rluJgUeQTnaZnkJQ,2.0
lgWe8lSmcBk4Pq0kVI9-0A,2.0
2gMx4KnXbNtpoCuVCmyo3g,2.0
QplY4p8HHJY0ncbgcpb8WQ,2.0
Y9V4EebKsaBmvKPlxXVheA,1.5
vA9aCw2kTgN8p2SLdm2mDA,2.0
fhmKIPGVx9_O4P9zEgCHjQ,1.5
DEEAiq6dqVU8bvtC7VXztA,2.0
FucrEEO2laIlAnIZ_n6cTA,2.0
q5Vz6JNAGDqAT_P1lB1jVg,2.0
Snu39WyiChz0NwFWRMyUvQ,1.5
nqpUjsD-nUIQCrr15B9W-g,2.0
hgy8A1Wnqyi4M-HJIFLpyQ,2.0
5MlUPatQxg4GZhkPwGIvrQ,2.0
hx9dmPZZHvLQgEhlAZ-Seg,2.0
qdI9KaRhOzaJRK0dvGUSaw,2.0
dvjYiddhJ2HrosdSBAqngg,1.5
VDUwU8bHmeGgtJpe-rz3bQ,1.5
UtmsxhLHB4lYSN_NxKW3XA,1.5
1-t2rcSaH4JGi1jejiHfCA,2.0
x-YyGmE9tIXAUdg_4Py5KA,1.0
0Apb1P7RzbQEkeJDuywlPQ,2.0
hBodj_f6adUAnEVUb_he_A,1.5
dD2xiLM1_5Vg0pMvMIPZww,2.0
pk0vem-ismpPnVeTIG0Q5g,1.5
AX56yxldIb7TPBHMaPqOmg,2.0
kvrgvuxO6A6i9fXYaUKqcg,1.0
GoEHXcq_nY4jZOx3Ay5gxw,2.0
8NbZswmpIyWWHhpWqThQQQ,1.5
FPjBx-Hez_NCnepsZhtZ_Q,2.0
6Ry-gjGqApTSRZkfdYlLmw,2.0
kjVyy6q0UY620sEy56kJ3g,2.0
tbGpaY8AFjxsZJU4Eubbnw,1.5
LdEzAYCufZMTbWc0soCaNg,2.0
9TJIYL_2C-JYmm9Ye6J66w,1.5
TRhuiVSzrjveulJaH5lgow,1.5
Ihd5lEko1ctb71UsOWZuuQ,1.5
iyDeQ21CQO2-eKbbiHzrWg,2.0
0le8kj4gIHe9aZ1NfS2_Ag,1.5
WRzJ8GymVfBj9W6M8wpzAQ,2.0
vKZk6rxGVpOK13rb1OwEOA,2.0
D5Q56uBD9yMF8l6tdQK3Qw,1.5
e6-owFrAHlsFeUfIOdP1Ow,2.0
5q2G7FK3J_Eml_mcldO7Lg,2.0
fmWgJUef81cuaVA9VB0khQ,2.0
44Up9Gbs-IKMnt7ULDWu8A,2.0
Adi0NnIKbN_pEnGBoUl48A,2.0
WeVt1hG45GasZqOkVOXwjg,1.5
WP8RUkeVXA4H34vlyDjI5A,1.5
l6akDtf-QcEiApI40-0xSw,1.5
najn_Sy-_IzMvq5q4n6p8w,2.0
UCaF3g4e1Diqpf0A06smag,1.5
7EoW1PjL84fiET_Uz5mjmQ,2.0
tMkKUGwABdGWKwnLXaCYUg,1.5
ladc7jWsCaOlaErCDdnubA,2.0
7P7SY9YTgEpo80goTRKdAg,2.0
b5OBIHUqtJNsOCZpwSpUWQ,1.0
fC1SWdpNMxYX967PfL8QlA,2.0
t8YzSZRPOV8d54NBAlRSMg,2.0
ld9Kl_6kcLV4B2kgxfxYIw,2.0
hisR9LKBN9sgcMxclH0e7g,1.5
kShAC7SB6qSlT9KJhfWMcQ,2.0
IR_0p0JUs0T9f7qf_WhWzw,2.0
GVaaRfCXGBZeypTL8GNJlw,2.0
mQ6_slsCd8-c8WFNtESnqw,2.0
6MiHb8z9MilnCafsyxuZAg,1.5
FKlr2XmPA7G5MlMFpka1OQ,2.0
4XVECNP7u2WBr2us6yTS1w,2.0
wXP_zTXRRvhHENKmiz6ziQ,2.0
7mNPyQJYtIR26Y4KQa2g1Q,2.0
8t8DFm9iJr30I3tNSaWkKQ,1.5
saDJPEJvnionK0PZwSF9FA,1.5
4AduEdwKHM045-f81y0suQ,2.0
o7g_nnsmO013TfuSfFyx6w,1.0
BrTeICW0znNrZRFO60wuBA,1.0
7HQKrspjB0BqbscX7LL7FA,2.0
L6Qumi_rEtOAfX2FQXm06Q,2.0
di5qPql10Oxy1z8EmbAFMA,2.0
ST0fLT0ZDqKNUxeY0unV8A,1.5
j_oBbxZY_hxmWNu7nfhslg,1.5
rz720wm8lHe1-aJDZeU52Q,2.0
QSdTpJxyMZcZgne-4On7vA,2.0
pfloinlyhv4tbxXEJ9D_yA,2.0
77wPoPwcxdOpQyIyrN7FCA,2.0
XpkaEp0UhtNMpKtEGfsV7Q,2.0
JcWk6o9gGXeNk6EamLoA6w,1.0
nH-M4tv-GF5-aTWJM3iqHg,2.0
aivGtJ8QlzyS_nzZV6CUUQ,2.0
rbYgGdjGneC40e8w9IYP_w,2.0
NXM8ne3kCsrq3EQo42UW2A,2.0
t29wW3rArvdLayBzmkZb3g,2.0
k9jVAnCxDUfg3f9CN9boRw,2.0
3fWX1wBJDsDiMsFZ1iFzyA,1.5
FxteKHchB9rFBHTZNTZH_A,2.0
4vq_gCpq1jRpGcFS_dBtkQ,2.0
18FygiATTjYHyLz8A5Prcw,2.0
LqmUxPOdZIvTBGk5F1rlLA,2.0
BTgMzM5xMcwnVBLfsk5WVg,2.0
if_VgGCfq18P2Z24JdipSA,1.5
OjI5vCMO-5ID2PjFCzrJhA,1.5
v_XRRT2q4BNrzR3lt34dwg,1.0
-8vrk9UzM2oIey95PZOHuA,1.5
lWrMZzYMWY-JpKYAwtlZoA,1.0
NNKTWmKBEQlMu6t-K8cYPw,1.5
Y3jVDgLRULH52M4_fXQOug,2.0
gZ0TVxwxUPadDOjd-_1axw,2.0
pLkCwBknZUkJqIdlPswyuQ,2.0
10kKkojqQmjYfFRtfLQLpg,2.0
aR3oAmXq7aFPH_zFF5Df0A,1.0
i7HvZ1yTTIaR6bfa_3jGEw,1.0
IUpFDCNfawl6UBxyaEikDg,1.5
RbvNTQ27uOfprfmDEil8dw,2.0
70B09fJOw9shYxwEoFdrPg,1.5
fkWSJ5CNxc0KTjC-3sLH9w,1.0
dcZ2Hmy57aVWfZh1Hk1Njg,2.0
k5h1lqeM70OM3JJdrYH5IQ,1.5
idvjjh3yCDu7Hupzl89iQw,1.0
4jxe81SmrVLp_XDUIpXYMg,1.5
1ldDbggHHgPlj3k0SpBTKQ,2.0
MR3-Ll-hoUGZMA-B1MTgGQ,2.0
SkxqO4FgEJebz7kCzjvYYQ,2.0
Tigw_9LXyHL63Eu3XAXwRw,2.0
YqeK6ARj8ojseNCIYdg5WQ,1.5
NEXdqFaG_i5n5tuPs6y12g,1.0
xNyTjXh2FRuT4Z8Ncj9WhA,1.5
qeOrjo2GlITleeZiW8y-fw,1.5
0w46K_07XbKvCMe8qV6Qow,1.5
sFHj_WK6rzEeGcJxtvxrRQ,2.0
bPUwJQyifP24uhGrou_64g,1.0
310xHIFxZKqthaPlkQ0_dg,1.5
7CVoKgPjQS9KknIsz3Bhcg,2.0
aBQbdQz_xQaw0-hNDk5TKg,2.0
vhjdXf1dpYpV_unDVMFuEg,1.5
SSaoS_UgB7VgA9OavxZIbA,1.5
vkOmXXrO-ALfz76TF6s_Gg,2.0
CApvjaNmMJUnfzz5hVpjrA,2.0
iFc5PtaEHokNu1GVfnAUTA,1.5
YzdGufP7VFwQneDKzb37hQ,2.0
XcR-GFhRoHyoJFBE9r1hIQ,1.5
rdFoHyN4apsyelq_9khE_g,2.0
tZBLpE-qZejHRO9LmlCnHQ,2.0
gtlAwb0eZ4rPWjv_42OUCA,2.0
cc2GmqotftMW6B4K1PhQ-w,2.0
nqUg5UdPVwNABqaM4iuXsw,1.5
fm2NFXf6LZRzECByWd2O4w,2.0
RR7nf12D8cOkNi6HQAQbBA,1.0
1zgwmE26LtJH5C1mD6MQpw,2.0
VGfxLCiUYKjE-LreN6r50A,2.0
gj_8sI7cjD_1pH6gPBcNRg,1.5
gSTHZH478BJIKAx7IKD2sA,2.0
urbAi2atIC9Z_dlHQNmlLg,2.0
tJvUgjY7dJhCunOC10tKpg,2.0
7GDXpAS4LUSFmzmmm3EtuQ,2.0
uPl2nKYL0uNqBqqeF2Rx7Q,1.5
mGNJlqLu2wQRyKnh7yEViw,2.0
ojlQtj_2W24-IZGqkBVsmg,2.0
C2Q4Eogai7W4grmvXZFmBw,2.0
khmDwXbcUxeU2ymjju_Jrw,2.0
KT8KJ4zt-IPqpLzACdpEZg,1.5
FnaWgExFsjWeekotG-_66g,2.0
UmX2QDgm02TsWO1-d8elTQ,2.0
LZghZl5RVTeR4p77UpXipg,1.0
HGBc1DBXYNU1d9suU_7fAQ,2.0
QXN_L3rVNYtCzKiux7rcDg,2.0
vXE2s1dVvp7r0hK68juugg,2.0
IB9lWC8oynRP_glTWIscaA,2.0
eNYj1h-K66IunsDKa13bUw,2.0
OvPTs07kFkoK1XlyGA5piw,2.0
kg8dG49t8ncrjP9clvt5Rg,2.0
IY7_UYwQmoyNDQPLPQ-lbQ,1.5
fl3zNyk-m_B9NCgIcvJNiQ,2.0
kkjdenjeKshv02uma0u2fg,1.5
nUiGPvsAAAVe90hlQYpVhQ,2.0
ZfjB5Df58pT_w8K11xVMaw,2.0
bAJAg-uRkoGoTfFpy43ZXQ,1.0
c0FVgLLUOh_Wnv9XfQQnlA,1.5
zKlU3yE_5RqNd00LVJE1oQ,2.0
PvXcpiXQktpo1s1IIJMhpA,2.0
rLQ8JSim8Fqq1Qu48GfbmA,1.0
iAiVVH_JjKlJGLw2vBKDQA,2.0
scndbMEyHsnPMzYQaZzdnw,2.0
N4CL1dZca6hV7kZ9-KDAww,2.0
nBmjJEF92LPHx0uX3FpVvA,1.5
OINX-uQz79nPPy1juhQipg,1.5
DEm8HwHCiXk-FlJSXRTvLA,2.0
z9qPKK_g_zujxZBslGBYIw,1.5
crizYT9R8Rt69NMtHUUWGA,2.0
PBToP8q81MezfE7LfJzEgA,1.0
2XTcAcbJ7O0LKjUBto726A,2.0
i2gPLBDb44q2kq3DayJUBQ,2.0
abEqkPpyM5QcDxEjIJTMIA,1.0
7qdEHTL-TyCTN4DNH44gSA,1.5
85GaloTNAYNl3hF87CPdkg,2.0
vOCmoA6cvhlA5bcATzUR0g,2.0
S-fNAS3auvsDkAl3xcByeg,2.0
pMc19nT9vzoxZ3R2RK3ddg,1.5
n6cm_UuOgYnrMSgcc9DDwQ,2.0
WERUCpgQ6bwyMI27uUTHjA,2.0
3byK13dE8FFXwsWx6hQngQ,2.0
9mLTQ3K7FreunEE_QcqDJA,2.0
kJMUMpRfGMZUhjzoz-YvmQ,2.0
drqf5VHj2RH-AXki4wIWJQ,1.5
JlvNACJVl7irjkosXgwhIw,2.0
8LCPOZXh_yvigEOWg0ZR2g,2.0
URAkdLzbFwbhvp087RlvzA,1.0
bbi230ds25DLJ093eaSryQ,1.5
qGuI5WK7-MVnPA6o2DGBAA,2.0
7S6m2YUMD3RqIdmkd1twcA,2.0
0spv_UWTK46V6e7-QcXw4w,2.0
FqEsXFhkFKCfMiz_QqUKTA,1.5
0vFCASHpp2VBeTuVus4MOg,2.0
0vb_YDCtZo0Yk9zHF7rzSA,1.5
NT0HMA345rSfJt9lqInMtg,2.0
nKrUueeLiIAeMH8nGhdh3A,1.5
tnHvCJ6kYQ1droyl_6Tg4Q,1.5
qNpNPI-f2Y2eg364-V0deQ,2.0
5X9iW2qF5ecY78v35b5iWQ,2.0
-0bUDim5OGuv8R0Qqq6J4A,2.0
za5sHh-jpdMtQEmmV8gbnw,2.0
LSoRoX3DDsX8YgqTQpQuTQ,1.5
i98vDwJCbC4RHvDo0_XQuw,2.0
_91nx0Tz61WQIX2fpS7wDQ,2.0
r67TiLEb5K1nnacFCEQ0jQ,1.5
bsDkiuoIA7_ecWTjG6ifwA,1.5
TLFPee56Ki7cJKZ8zpl-Pw,2.0
gBexinoctpKpwhyxAMZ_wA,2.0
FJgO8d_Lx0P1A0KOiRfuFg,1.5
dbMKVb_0pwptu3tdgFrWjQ,1.5
AMvEtuSRdXzb4abwFgL8Dw,1.5
4jxKmU2No9hGWCZuYPjeLQ,1.5
ycFghD0OZyf9i4mRkD6o6Q,2.0
R7SVavAsjzN3wy825PiOEg,2.0
5oe5ciunMsjPKLAj0pl_Lg,2.0
4hqPdtPCH8rLHTet7k8-RQ,1.0
JRb-IC8MS-2rAsveFAE9CQ,1.5
63cjAsO1jXvrwvjkUiEkVA,2.0
ZE4n6W-ppcpv_sF_RH3xOw,2.0
vKSyuGH08YJuJYbP3o_PXw,2.0
NtizlEdtnJX0tteMdZ-6tw,2.0
YHGpemLe7cbnPSubG-cRRg,1.5
WEYEUvkonsZ8nOKZNXd87A,1.5
jTAooccoecIJiv5wb4h8sQ,1.5
xpAOSN2hrO7lX_XEWhPgFg,2.0
q8R86OehdNa5fQ9ssu3STg,1.5
taDJhFyvgD17w-NoUR7WGQ,1.5
mbcy4F1Ph2gQrjNBvhNSng,1.5
SmRmvbs3eg5gZ-r_h9CzIA,1.0
qLh_1_vILLgBB5BFU0HYUA,2.0
c51leTTj2gxo0PdypLoQWA,1.5
ysUJiLxFpfMCu9NdG0Dn0Q,2.0
txXbU0J-H3W4tp1ISTrEIg,1.0
fOrmUQoNIhxtu_WLKx7WQg,1.0
zVXcQcJS2Aq9qtyJUCWGrg,2.0
RTiTZGVHjrXTQ8ekImfUQA,1.5
G4lspZyt7AJx2c3711MaPQ,1.5
y00oZaBgHET4IY0VfOw4SA,2.0
PLZllOc5sVMhtsZPrra9aw,2.0
SLVq3nPzCJoO8b8kwFvw6g,2.0
Y7aesBLKUPTrQsuzcce-DQ,2.0
eODFYaXpC0M_39dzR5B2Nw,2.0
0JFKxuixFnJen6MwOCi8Lg,2.0
wxvOv5ERgY2SPp1OyIdLEQ,1.5
a29C6sg39V2HP_tq3m8nEw,2.0
-v8FrfMccLpIzong9XpiuQ,2.0
AAkqVCuUGIP0gvY42_CRYA,1.0
YkLnMTOf8XsqbYS7_qPNsQ,1.0
_D3KUba-5fHTbucTBAnigw,2.0
5Pm2O9CdS6hK3rd2ZkZhBg,2.0
DbKtctOWfPO9RWZZOWTSHQ,2.0
aZ7_6RCmDpwTVWybClDxbQ,2.0
WDes-WBEz0xa9ar8nMTvuw,2.0
Wzm33GwGm_xosXZF6Jx1-w,1.5
-eE4PAWu5FBRnAvbIMzWqg,2.0
93MSg7oEwF8VkIAS-oDtdw,2.0
iw7U-ZLP7Kp1gpNdCIf9Gg,2.0
APdrRZvoxc2Z86owaNj8Aw,1.5
-M1rR1Ip7NOlMn5EbUkuog,2.0
Gy6hVorUNFCqNr-eYh5ZVA,1.5
mlK98WCvWNn5hkiLtscQTg,2.0
chudEeZo1SNr-0Mo9L2OgQ,2.0
u4gTf8OO6ywnnBUp7UL_vA,1.5
W5tBa2Bvs2fCXQuM40REAA,2.0
D3e0Caowj_1X4o6C9hzN1w,2.0
3_-UavvGHSl3yzyX3KGg0Q,2.0
ZT4yweuACGHR9KtlqPJpiA,2.0
pA0Z8FbnfsoRmHe1ULqHeQ,1.5
56YapUus0bh9BFax-HIbPA,2.0
8tGQZpKXJzQEu0we77w7eg,2.0
iOdaFYr_V6SKEKzB2fE92Q,1.5
RDuYiyWttgSY0_TE8gy3dw,2.0
Yw86Jnab9ixke9xJ5pLhMQ,2.0
RjMUBuL5XVoyrS58xxImqQ,2.0
b9fEUyazo9wd4TZeDowAkA,2.0
TnKMo7BnsbqFaeNL1GY3og,2.0
u36r5QRRwvFQGBblrMxDlA,1.5
-TcEs-q39n1LC3kJBXZp0w,2.0
HS6K-7G7rkqv4lN3a_pk9A,2.0
QcNC8YJCKIg8vFUPWcPQog,1.5
YsjOZJ6eJQfvhTRvTF5nhw,2.0
q-UtIUIsL6W7_fxuxBfxeA,2.0
FPYCxEUERQwz6QLRKQtg8A,2.0
FB8rHyZSWZareFx9-bXGEw,1.5
pV2nc4WPWKtoyeBBOxF-6Q,2.0
bGeBLbhwk4vMwa859GRzeg,1.0
kbRp8hTFtIhE5kblOQLjaw,2.0
K0ZtdVhad3d4hnchiDdxBw,2.0
v4VW2kQ9Z__wBxD6l_mCHA,2.0
Ez-Xfue0q2o0ozoMOJL6zA,2.0
ZFGBKeeEwIhxRFj0RFF1Xw,1.5
ZgIn53jg5G0OOtQZIEbELA,2.0
wW74GB43A-9LtBVWEByPcg,2.0
smoGuW2a2Nume83mB3JJSw,2.0
CfdCsVkzzM3uJKGRzA0ufA,2.0
tcSgN0K3KhgVSSmHOLSWjQ,2.0
qjTsleuff7mJHp2qMVGMwA,2.0
QW22Xgl6_VEtP-YmUAw3Wg,2.0
XvULjGguZSsuwRfQLcbdfQ,2.0
UARN2BF_4ijjkB_YEYA8sw,1.0
Z9wRtVdBs88PeMKcjcx0vg,2.0
-sV52FN-D-I808tyRPEvwg,1.0
xIVf0oSwdhs8He4PokqlHQ,1.5
4UW9-KiLGAQIlhR0QCJ2Gw,2.0
u40XZVt7tCya8sN8V-m_gA,1.5
I0kZ5AgtltKOpZIY8jOJBQ,2.0
VAEUkY_a_p94bT3Gnf4FDg,2.0
BhDG97oG155mLFbvoWnyoA,2.0
MlzFZFBm6xhW_eHTTEM3uA,1.5
GrhM34dlbFI5ZAUFQDqKDg,2.0
m6l-NYfSXe1nqxZShVstIg,2.0
L2Xw6ogv6iIbQ0RlbAWDdA,2.0
qeP2nIq3TCmhWFaFvaPtWA,1.5
5PPZZq8-A96Fm3rZvP6fcQ,1.5
p7pJGlRlu67kHmlozLOo9Q,1.5
NNGAotTDCNT0qkltmNii8w,2.0
dCW6J6MQpOP1SWTgniOv_w,2.0
kUtoL4B9BBVgViPHk9B8EQ,1.5
Ks-bqekP7c_lGN-RCBr79Q,2.0
esfEW39ZrwbSAyAri3J3PQ,2.0
zde5J9NoEXB5U0AomiFBZQ,2.0
n30q_HaFRWmjFR_bXh9_dg,2.0
WM6uXQWAWgsM9YqXLZGMUw,2.0
Y9e3DMJexlctd9pAudL-5A,2.0
-GF267VCCEZ7es8pnKxRoA,2.0
1pIbXL3IyXFmKqQFv-g-dA,1.5
51my4foYR2Xs1stK5idzyQ,2.0
FwKH3HBlCq304TFYs8iOEQ,1.0
FCjv7fiz3VK-T-0X4q228g,1.5
uxXP8Br6GBUu7k9wTnhJSw,2.0
PAg_-9MtV7lX5rGb7yjLrQ,2.0
8p1hx2a-GYQAhQzP5F7yDQ,1.5
Yhzb2yXtOBlaGL2lBYpKrA,2.0
kCUFwG0CKp_W8pcwNo1-5Q,2.0
EcVXqM7yZZeOO6jrLR-_xA,2.0
30D7YdANEhqrR5u5UCeg5g,2.0
SeKwfKHI09cOSfnu74xoJQ,2.0
7ezIq3jtfVkJ7AM8iCgi_g,2.0
II8GXVQpwTLrp09zc8zNYA,2.0
qsBet6HtxE0x41cUYl8vgQ,2.0
nNz_Apyi4yqO87hNae9aUQ,1.5
4kb6cLYeuFqK-HCfCu3IcQ,1.5
PdZj1gylTC5AaTO21eOYcA,1.5
dYf5eX8oK5ughIeghqifRQ,2.0
Sqo1BQUqcV4goQEeWsDMsQ,2.0
2BsEO4TZwg12dOl-FGijsQ,2.0
3Srfy_VeCgwDbo4iyUFOtw,1.0
RuMsh0CBFTdddwx1jiGT0Q,2.0
tj1QON3SD7zzp6BE5BTLLw,2.0
q8P4EZkDgzHQodbQSbxSiw,2.0
8hY79bH7l_iycIgXZZEmhQ,2.0
z_WA9j09K3dbWIbXWSEwkQ,2.0
d3fTw1F1TLAQ97w36JYi-g,2.0
oIbGChLV60ay73Vqvd5BiA,2.0
gDpaJNo0-DX7ue0UEfjYug,2.0
7u55OIKwMmnWGnobEEUNvg,2.0
rpjwmrKICOA6BCdZfK7p-w,2.0
UzL9TyWtUsHrNT5sRZYwiw,1.5
4M8E3KWiHZB6gNxMV_btAQ,2.0
0InQd9vuhRc98OksC3Ks8Q,2.0
GsNwdJXtvPP5534_huTeSA,2.0
Su8UxQI3ggk1-IXGZliZ5g,1.5
j0cSJ3AX6bKM9MmwQOSy1A,2.0
a1t31qMLd5fQocEjbSJ61A,2.0
bNOx8Q50Q6bLxjSBmQDpwg,1.5
O_kDMThF8ucdN1-x7T8jHQ,2.0
6gm0pYy-YQRJwtavzlXUJw,2.0
jZaHqpXJNey8QV_G0S3Fgw,2.0
cXciYOqcntGXoP4rHkvnDw,2.0
4l3eeM1sOACwdJAz4UyIPQ,2.0
RiSCxwndylgzfMc3whD0sg,1.5
OH-ADg497ZhOlka7vQJCfA,2.0
VLcQ21rZqTUbrzzE8-XgHg,1.0
Enx-h0TYMkX7qA3enTAjyg,2.0
zUbPimyX-dT1SOyvdSYTTQ,2.0
mWwwyhwQedu6iR2_yVF-qQ,2.0
1TJItj9VfrCeh4TM_SKQZg,1.0
Sgp0F8fvG03sZg_f8FuQZg,1.5
uNEyBobEVrXJG6rbS00QeQ,1.0
chF0P_B8pTAy_4xvLTUZ_w,1.5
kcRrA77bAFoKyhQj_gSbMw,1.5
ThceQHR0yiCx5J1hbphF9g,2.0
Wns0UP_28xk6uZ-b6LrMnQ,2.0
L9X45EZhSDwT7z13TYzYlg,2.0
0YCV8260mMgN0PxuzAtO3g,2.0
aSbFdUEvx8ZTPcdMIy4XTA,2.0
HXIwTk1zKEU9mvjkrMPLoQ,2.0
38iSJK9_XEMuz_3JBu_k3g,2.0
DIb64WfVqSJ_J9jqOP30pg,2.0
ikcyah81MTF4ZzOivmPitw,2.0
NrLDMGFcg56yv3mpsDilhQ,1.0
KPffNxenVXEbKeSeC-zmfQ,1.5
8HmSt7fRFe-uH6i4yCmJQQ,1.5
UgoLbdEvSyO0o7tgcDFVdg,2.0
KMWwR6M2C4egF_cZWHD0UQ,1.5
Bvw2qmZkzIJERXktRSl8Xw,1.5
xIoJkKFGx45iKtqXK5cDNg,2.0
kAFfVsLzPmA6Z9yFZZIy7Q,2.0
5JYSU71DZ5Gm7dwrqbNSNA,2.0
ZZVq32IyD8TZOMdo0-72dg,2.0
YxqUBsKvkPbc1LSiV-Y7tA,1.0
V4Jhw8Iw5KW5-jyrO1N39Q,1.5
QewqdVnhmYsxzHe5Vtlq6w,2.0
PtAP-FKdXI-5X5ohlFI88Q,2.0
6AzMTcurmx6paLFlkYPrMQ,1.5
hXbt0ZWqK-MuCJJXiNnqpA,2.0
MSbG0casXVtOzCV7UCtOEw,1.5
WidRcJJQT3gb39bDwyRiLg,2.0
uEoOaDZIl9SEBU-ioPN1bw,2.0
M0ULEWxyedWZ7iVVF5TEKg,1.5
0pGLXuFpUNTgArmOgbBpwg,2.0
zKO9fB3azEnMsIWCSeJB1g,2.0
2bFBzziB3_yTGYcUerd9nw,2.0
Qcg-Ho7I6niCGNlfEasZNg,2.0
DT6bZgApAKY0JE7McdUTyA,2.0
V3lUjPwjbrpXTP_7w6BtIw,1.5
Z3W2vlYN1mkhhZiZqRRr5Q,1.0
JoqrcQuzD3yEvs9KvN82ag,1.5
wkpJsLWPizlb8M0_418Qpg,2.0
eQdQYR5hvMLiYDF41lOtCw,1.0
uj6l40XDcMKnbBX-ogiaeg,1.5
V61e7P9f58M9BH2LZAirgA,1.5
Co-sJv4GNxILkF79ZMLq-Q,1.5
VSf52mJkhZ7hRzFWT8WCMA,2.0
AZs2wkzSZ78uM5uQb430rg,2.0
GN9BLeYPyU1uh3hvAdY7mA,1.5
Lpo8AT_qSN_wf2gIrssRUA,2.0
bLbZRs9Kcy1aXsdRWYJIgg,2.0
mBlYtsMs6fYI8BE8pfuu3A,2.0
Uty42E_VZV_iGMYiY_WB5w,1.5
MERKmSa_Q3GxVGzaVVGFrA,2.0
dn5OvhtIMbSss8Gm47MSIQ,2.0
inFMqvEbY1L9afA-pZBeDQ,2.0
dPg69r5nLzEmug0OvNfkmQ,2.0
gN3NsKZkK0nlISVstglclw,2.0
UW_PJsOezmLel6TZsQw9ng,2.0
zJbj9CaLSjDfP0g1Gk-74w,1.0
woihBX8gAaEDL4nWtao9dg,2.0
DwU7wQtSs3eftKs3Q-EEjw,2.0
WDJiJrJ1q7UbjE5Z6F_cQQ,2.0
KbN836a966ec6tEI0-wh7A,2.0
0xusOkLdNpGZvXmuquFRMg,2.0
qMM8kigvEnfAkbTX7V1o_Q,2.0
0no1_3lj2ESQFgPaJAYZtg,2.0
u3bzqkrO2gu_RWuQqS2-OQ,1.5
tL8QOD03ibKRf5jeEuMTQQ,2.0
df4A-a0txOfoSBzlBK7q5A,2.0
7Y_drOo7YvxFzIqbgV65mA,1.5
FcIzPQNp3I7W4zw4qBTs6w,2.0
nBdUTu6WFZBaunP8OlvNMQ,2.0
m9xE2lgdgtfV-yrpuGQy5g,2.0
GN72XbUh61J5wWQyW2oZsQ,1.5
6dLJtcFfD2kBbrOd42KHsQ,1.5
RbhgT2AjSamHF74FWOeoCg,1.5
6mq0k7vDZtlBjghMaEMbHw,2.0
k7-EYqV5KmgcKjtp9Aw2Iw,2.0
lvRFyRt-fY8nBklO9JGgMw,2.0
Lq1sLz-UDRXBqduwXOvDyA,2.0
cdEyO3XRIrHH7ZCjCsxXqA,2.0
BpR_oUAmIh6Q7Y_Y0Q_WmQ,2.0
qCvRV9qcHKftXnT9IkmTqA,2.0
VQAEtwQaWZPlEDTkBS7G3g,1.5
GwGDLjbNf6d71QNOmY1OBQ,1.0
HI7S-f1gJVcGYG38_JY5OQ,2.0
TTwSbXCOr60ozQoz48mJew,1.5
fIFe16c58gp6L1UAfLxGZA,2.0
O3PwBTK-SnxsYJhimThhsA,2.0
4c_TKqGJ527OaWhBRhUCCg,2.0
uEkT2KvDgQ2Rec3HTqwI6A,1.5
TDmqRm0evHq6eJjjClT5ag,2.0
kZ7iDjUCfOuOAdQ4qu90nQ,1.5
DmiNLRML9Z2UORkO2PEaew,2.0
QyPwvHFfYgPIPjp4s0WQGQ,2.0
L5tk-7c67wZMt994qSLJ6Q,1.5
BzBOUYN8XmhPJgOmMYg-hQ,2.0
5lfBfk8OSiqUkxfufYTahA,2.0
_i1CmdenYAwLKyBpX3oVHg,2.0
4LYtqBsIiTEwtO5N42foCw,1.5
pd4Z3Nj7O7hopS0ICHf-9A,2.0
pF98k5F5yhroranLggHIjg,2.0
TfW-f8ZtkS5XpIWe9GNZ1g,1.5
waJfXO-Gna7MId8HrSBuzQ,1.5
JjyrgALoDYQdUcoju_vCCA,1.5
6VW28pGk47k2odZt6a_JbA,1.5
bRSeMsFesSkjzSVIGCKIDg,2.0
z0QwZm0lEAQVWY1TitLbVA,1.5
V3P4YnU1x9OttGfY-VfmOA,2.0
vwdlu-Fhl_TH4txECi1VzA,2.0
hsTKn-6YSH3JsOSiYKGkwQ,2.0
kN7QE8eh5ASit2xv5KMOFA,2.0
sspvIv6br3Vto2s5JkeiMw,2.0
UylwNKgpUFDrUnTRHL6hoA,2.0
nQOfSLVkN6GnBCYKSc0vYg,1.5
HaQ1pTQFzQLorCJTxZpTUA,2.0
KjWCLH1GzxmhUJwaWB13MA,2.0
WzbFGc_YmDeCuRWDrGCNKQ,2.0
dt-Tjif0Zss4pYcJdQFWZA,2.0
p_Bbe2f1dfZ0iCgdtNieVg,2.0
kYkuqU9wJS01L8q4d2nTTg,2.0
YowLDN2YEKVJpHv0Loqm5A,2.0
LZklCs8ZGLOFIeQVcoedgQ,2.0
ekEG7dJI43rY5nrcH-EPPA,2.0
73rjL1XeHLtJOOeDKTGsOQ,2.0
vhCxwnP-ZqoqED3CwvbIaQ,2.0
pewOpUOt-McRdCjpI8n6mA,1.5
QlEU-1VCqJbTzSf8mFAZUg,2.0
qWAvx3yktyMQixSh4K0Dog,1.0
kAjwEeUkPi0u9fRwoR8YTQ,2.0
s_w8ohbsVOevvnis4OZojw,1.5
KoJ4jNSmqYbmKqcoh-2dNA,2.0
L1CuH9wrjA9RjQnHMXnbJA,2.0
vEMAPsmkqav9TbZUw34xdA,1.5
hUvLxFBm2e2rWyUfqwvl-A,2.0
AOCSNRE0-tF18BOPsiWkLg,2.0
JUe_TAe9T9MZXutb5fblDg,2.0
UuBZkKnckkRmYt3jFn2gaQ,2.0
RJJB5uppjvpLzC2gOjjbqA,2.0
OVjIBhPMgRiocQNx70NoHQ,2.0
OL9p2tme85Sd3d8mCiSOxw,2.0
ZDRhfiNBUoXTbLARz8j-xQ,2.0
9pUPWfv2SV6DpzJRIlDYeQ,1.5
7FhtgC9MKNfoeKaTFbWj5w,2.0
Bvd5mgGBELNTdPxovlC1_A,2.0
uxOS4S91Vq9pnyo2Up1Zjg,1.5
MqxJrAxN5ec0eZzGmoZftw,2.0
pULc8-D98CrVhLciNJzJEQ,2.0
JdHSfjXWD5aRZbfefo6Ccg,2.0
rawMwd19q66KSH7GYfV_Sg,2.0
gjwdlvuUhYVs4H3A-yAbzw,2.0
2MmMDll1ZGouFtz_87X5RQ,2.0
l5t9Q95p20Sgfq5EmknsHg,1.5
usFRiWAy6rlqskSTPPxrwg,1.5
kgJpXOpjH2Fdi0VtdlimiQ,1.5
qy7NtAyd7SXXPM0H44XVAg,2.0
kSWu7MCwCTjqsmRzrnx92A,2.0
q34vLVEbHPzS0ZUC8XGsVw,2.0
IYdjcA92wjvM5RtPZ3C7kw,2.0
6wjsjJptiA4N5XcRadFniw,1.5
FAwJNn9D5rcJBYRPzChfAA,1.5
3zbSWZEQU7MzcuTzsU_7mA,2.0
w_fbuHUJL531vlfbHRAJYg,2.0
MJCGClJU-Wa75WN5e7g8jg,2.0
MsOowhu83APewvY1M7hVZg,2.0
PqjKcrrAPxvryPFdw3X9Og,1.5
sJOtoLRllr0FCF9dSB4T8A,1.5
YPpFlvaOMpCHQcARoVBN5w,1.5
MPp91qicKlkhaDtmzNUeSQ,2.0
2nkuS1wG4y_32VfJ9mJT9A,1.5
dXezFE77X4sQyqGBMbeECg,2.0
IJxzym1SOzuZAZYcc3a9uw,1.5
Q2IXbRBEkCcFRW7toxKAvA,1.5
4Lhzhtu1TY3s6vy4-Yg7tw,1.5
f23DD5jfjKR0cO6As-6DJQ,1.5
JuSOfESMCsOdIW_-hA6Nkw,2.0
MoY_4uct-vy__LkT2LOY4Q,2.0
YzVo7he07CTsuWHwoHWofA,1.5
zU3OTm5jQnPmIYIGOhPmvg,1.0
qNtBRO3YRkuL2fnCq-TBgQ,2.0
V1EI4003RYAEYYWiTQ27jA,2.0
PaAgxdubIo7JOFIOVqhKJw,2.0
_-6I6VXjr-NiwIBa_1uI4A,2.0
HS2mBnsyFqlXrePt8AAWJQ,2.0
fC5oOmgnngArg_EiqGqxzA,2.0
2sH1oH-vuW-XtPEeQsltCg,2.0
N8bJRj1zaouV_ic2Skqp4g,2.0
Q5dVKQsL04m33ICynOb0Fg,2.0
u72Lo-LZ2Q-Wp6W5zfS-vg,2.0
UZrHca2O606n0NOC_brtZg,2.0
orSTWbtbOqL1xsFIHclpcw,2.0
tgpKgyzAH49UwOoVAg9JTw,2.0
3-WLOkVK9HuJXwGDJXHCyQ,1.0
QWcYrnVRHeS11PBQLWhmiA,2.0
-AbU9Uw3Da3VsQJW2pPsDg,2.0
SmMeam9Go6HSvTvdqxmXXQ,2.0
BkC1pDqhdcRZ_G6fv_Dnmg,2.0
gFdcQ6FTPW1gp8ywKKVUUw,2.0
lvEzcw3lpSm1ZyDced4Tfg,2.0
CCe3h2GuEg1FnqD-aikftA,2.0
kvrITnWyepqlf1UZl2caCQ,2.0
qzgkgY4x7qrzBTANzQgM3Q,2.0
ssoMQ-qX07Rr8Eozhm-nzA,2.0
7riWzxVMm7lyhiBIGZsccQ,2.0
-587aHcWTqF_OgPxEqHl5A,2.0
hUJegxUPFafSbnzTxyVemg,2.0
cCPzIXzcO9NaWzO9tpMfYg,1.5
aWh4IpXYr4QwREIT8Aqs4Q,2.0
ix5uRyU9XPjI69VWPbTpqA,2.0
0tKC5c0idPDrMZyfMZpCdQ,1.0
AtSA-3c3Z2oFjdQXW7clcg,2.0
uNkfoYfsm-sDfWRWNqXqew,2.0
JVD3DDVP-Q9ctNrQAIU8Kw,1.5
W6R2sYBE6Onk6DQodQkXZQ,2.0
V8NfACUlveXflQpP4_15Qw,1.5
Q_TkmXsT80ouqBx5fPqe4g,1.5
u5Xh0ZjzRyVCCrdEqYWQ-g,1.5
S-fPItLurT0-pv3Pxh7ulQ,2.0
GUDpLStI8B4y_I2-Swiceg,2.0
L7GpUsHS9B3iU-ZnCG7f6A,2.0
Cdyvj6WxYjG1MB_QFZu0og,2.0
s2-DzGfWm0CZ6sQPN1fsnA,1.5
xIju4RdGQ9waB_E6E1DCAg,2.0
QQ1Yky64kfZeoSdv1ascMw,1.5
I62H1dALytJNg4woY5b8Yw,2.0
aCTFwuhIvmXsSWxbvPjnxg,1.5
qwuP41JaUOTDeexrfGGU9Q,1.5
yNKjmyqLQlQzG7IPIfnl_A,1.5
owmTEfyEvHAvsPqwNOyN6Q,2.0
vzEd_dKnAtBQPyuNCOb43Q,2.0
Q5diW79GD0MSJ10j1HCf8Q,1.0
hG8I8_z1ueja2jPBy0aimg,2.0
tl9XIP5trlkcuSfTQqe5jg,2.0
1T8lWWpdStstF6qVPdPTMQ,2.0
_eCrBSIXbGEW62ynS2_0lA,1.5
31x0JXe6pG_DaID-8N92GQ,1.0
JUlwoai_WikznIEQ7XCENA,2.0
r6UzCUbllqkkc9BSV7Vodg,2.0
Kr7Vx-Yk7BpKcbGH6X1NeA,1.5
qCuLRN7WvP33qT7B9GTl9A,1.5
LeNT6A_RdgCzzO8WkOSMiw,1.5
MRntQraGJZMWtfAhPv_JZA,1.5
s3D7EEo1Or4SsxRRjURJwg,2.0
LES5wvNMruP8yGMBbl3NSw,2.0
GB4bknX4_QxUk1E7CYKS2Q,2.0
UFtfiJA95gMEJbbTaoylGA,2.0
8A-rkp1PuTefSSS8PmuE1A,2.0
zEqHsS91hOcNTXtm70qQ4w,2.0
muaTVTJ16qL2n5t7jT5kBA,2.0
DJmSUgLOYdCxbbw8FeA66w,2.0
WqSQaa_sQW6Q5YjB6edMQA,2.0
yQ2KpCC42nVjdddGyGgOuw,2.0
O9n4xeNjugFIYZtvj7wlbw,1.5
Kfbs3K37ZczrOQnoxgzNkw,2.0
GrUh2Jo6sL3wllrtZY4zmg,2.0
57kidgI9hRxM-e7VemwEHw,2.0
scPUDxyhCuZ5KVcZp3n7hA,2.0
0jLy2J-6omAKhBDzrNHj9g,2.0
cwyAZ52cV60e-NiF-jWCMQ,2.0
VeuEGNEyfgr54_8Zuzv5Qw,2.0
rpjy7jGHZMFGQ5gNLxOIyQ,2.0
YSi0IX6f2dwEky5zl3IHpA,2.0
4BcuZj2ETMxUs48PLPwKxQ,2.0
UW7OBDpk6elxSGDoH59btQ,2.0
kOSSRQ42VYjpxVqDXAT5Sg,2.0
pkTf45JzlYOThKKIfjQJqg,2.0
6VpBO3WUToqfFQYEXnmD2A,2.0
oRwWdpARqCjam6k_za8wOA,2.0
et-odMgalfrBGzhuMWoy3Q,2.0
dKNLqQWUoWkEp0nF0Y8GYA,2.0
tirnCFwpur4bdtBizlUAnQ,2.0
lytsOcdjCk9KTf20eHbBFQ,2.0
PlUIAROWvdsM0KQV7IIqqA,2.0
IOBuWp3l6m6O2DgyLiq4Pw,2.0
vpAvqlV2uWbwVd3TSPwQQQ,2.0
YgUhOHwvrE4C3Ki7bqmMJQ,2.0
Blm61M5ZtwwtUMVYTSTaiQ,1.5
6L9McpPjh3UzZxvR1cf1Lw,2.0
vaXX1qVZafYQnE7QUNpUNA,2.0
CJ8IURVsHxTIu2Kzp2Kumw,1.5
B-WxQYb3A9SKyGm2aqk9tg,2.0
JWql064OkrDDbRjJ-bjulw,2.0
1dnarzaw3bwFrK38hldi_Q,2.0
S-QjTijhGYvEKvDznUTqeg,2.0
aVCIF4JaQO4qiRoiUWEt7Q,2.0
m-akXro6GMgJt627Hc1rGA,2.0
qqUi-kYKmen1JPqnFmK0MQ,2.0
CrTaRYxxxS2WGadvydo6yQ,2.0
rI1Ubgggmnc5LUVxcYh1kQ,1.5
0tSPaRpSS_YHLQFcqmAbHA,2.0
LNdwp-9Isnd6xmBKUz4K_A,2.0
4wYG8byvCI62xTWKpOSwdQ,1.5
0l028v-NfBCDW2sVkfqDRQ,1.5
R6GR8szQ8H5alZ9CNLmJyA,2.0
32f43CI5i1oCleGZG5kQFA,2.0
JcYf2kgpAgkpWq_7lf6I4Q,2.0
H5e_LE7vrwKc5QQBSJ6PMQ,2.0
DSmf2pEVsFck1Hc0JBx0Vw,2.0
NU-zCTASWAWs4Q3urXH34g,2.0
9J6eXxz_cdNRzA0CrkG1ug,2.0
22K8kQzK4UtLwQAwOCf0MA,1.5
K10SpnV1o3bJNGBOesHtXg,1.5
zrYGuOyAgBO-oK6t9GPLuQ,1.5
KVYSUfN89b-nih-_9HhF6g,1.5
5L6s7SqqmsQMi_5vgYDv4A,1.5
xj8qUeH_SEUgieSTSwXMvA,2.0
DoDRDIA9FvRJ9Ujj1NpOwA,2.0
vfv0rermjJJkWD50Plo5ig,2.0
zAoFrUwRVdSrvYWNB5e5Jw,2.0
j61tzz0XkdFV8YUBZNNzhw,2.0
SAS7V55TcgZSTJ21ZnXqmQ,2.0
gOvePNZVP2jU9vnj6gmYqA,2.0
z6l2Ap_Fyyb8u1dQ3VI9Gw,2.0
57RwRDqYrGrYJc2wwTgHLw,2.0
4wcDUnb2y2fW8sSzFd8EaQ,1.5
BUiiALlrTxLYGGC9KhAkyQ,2.0
HS_MLHSdqIsZnzdzv-XmFg,1.5
Vy_HoX_ZaJOMpVIE3W4Srg,2.0
LtdVdYhs7MAwwTBuHhdsFQ,2.0
54_mej5zTsyf9KoohdA3hg,1.5
lJ42TdBYPhu5YL0S1MTx2A,2.0
dN7jZBhQMDIiZLHiEC-0dQ,1.5
xzBR6vH_zx1HamX1cFFu-g,2.0
7F0EpKh7pyvMCcd-ds2nvw,2.0
a0eg1AZESJbsUL6I3h_VsA,2.0
IDzoyWfSInajUDnsN3wW6g,2.0
amRSuI5tg3JGCI1_YWlRyQ,2.0
zRqU9_TTVNSo9d23fL8qgQ,1.5
ziaSXim-Om_a62V7X0GSpQ,2.0
BtWrVv_GxLQGFJLt97_Bdw,1.5
nA4oBEtQ9e85aBnfzB63wA,2.0
Oy3eMx32IpXVR7xy_d4peQ,1.5
bAKErQneMNuEThzhMgXFJw,2.0
lgMFDLFxGDon26AMizZSlQ,1.5
h_1xOfqdfxqNlGOG1oMwKQ,2.0
XVsN0qYTKj-bzVBGsYnTUQ,1.5
szC_5NV4fYgigsztSM79Og,2.0
zpnhltW5cy0seE6AY1NYBQ,2.0
-YgM1XtGcStBpPT_ooNmdw,2.0
9sG13lKBJ-dI9knww5_JWA,1.5
Ud6MAIcHxyao99gnGWqtnA,2.0
Ut1ONI32lpEgTQrV4_aqDA,1.5
EZwI5OaiqJq2w2_z6qP0rQ,2.0
kN8gSKU7IyF5hZa4NIyRyQ,2.0
TVQAJGl5_xo2hsaWI7Ak5A,1.5
mAHwaQkC5zdQR_yg2q4L2w,1.0
9Kb9ZRxBgS2c0ahuN1tbNA,1.0
kTCpNpLSXHFYISSg-ssXbA,2.0
iPU1CW1goUcwygrPxW0uHw,2.0
J6VGlQm6XaTMBEnSzdQTfg,2.0
UxwmZA4S2q79-IW0RCWwYw,2.0
iu-w6bWM9DOIeDvUhrIGCA,2.0
RL1JF46Z8-3QoMf89Tb_Vg,2.0
RoW2ArcYw_CZ_JMv8BFyXA,2.0
8haYCMLIfEJAT7Jf9hkiaA,2.0
m-dhT9kFWMd03B9HQolK_w,2.0
pbN5P5oHi0vWEOPudkpCNA,1.5
LFg0Rx16jrrScMh1tt-FaA,2.0
n5VDarILKsHU7O2J-uPFJg,2.0
e9WK4peZfqgUN0BOp-CWAQ,1.5
8ZLveGtVoTUsssaX0TxdXw,2.0
1hcGT6I1vAIH_pZuyud0HQ,2.0
EQmxZjaU3IoXjq23dx9hag,2.0
PIw0KFrq5juMyEKfsbmezg,2.0
gVSokyUWqy14UEp_JNVL7Q,1.0
fXpuT4mNzxzUZbt--vqzIg,1.5
6LtZI1tpMHPZv5nVHAF6rA,2.0
E7ZMGgL7o0t0V3yH6vdKJA,2.0
oZLeVF5nZe-6nBTgnoOl2w,2.0
N2Q9-LaYbMzFJJI5NmZdyw,1.0
uDJymEBtBrre61KtmvpziQ,2.0
I34mPToWNbOedyvIyZ5imQ,1.5
lgnnZL0Cp6_q1Xx_4a0gpA,2.0
qp2rCB-qR-07G7oDbGOpOA,2.0
MTpI2V3O9sOp1WGeFwioDw,1.5
kwzqUgmdq9ZopW7dN95gsQ,2.0
aAfkYj5DacC91NqPpU4iow,2.0
o2e_M8SqL6IJ9_Ih0yQkMA,2.0
_Ex3OUT0CBJxmn7M_ihzjg,2.0
NPxgifo782JgvfIDyDOTnQ,1.5
2yBk6SvYQPnickE_QJrlaA,1.5
Yy0fPEq-Ae0UJF59DaTZ3A,1.5
HHvJSM6Sejnz-cdUdKWEtQ,2.0
VuFtN8m9nJFge87oAkktUw,2.0
dnJ-hNii3nL01xRUFydzgw,2.0
_LuFh4iAKoN5YrR3VEkMPw,1.5
QNo69O4cy6a3HGb6RrGWzA,2.0
nwFz5fF0snSh8YnCw6wTHQ,1.0
S4QCUx-ldX7mEew9n38eWQ,2.0
wLZMKH_lcrIMmVa9uAH3Uw,2.0
HJUQ5lkw4dzXROVlpmVpnQ,2.0
cr5r9HQxZSudOeyeDTzVgg,1.5
w9KqxBvoNvxbbgFF4H30lA,2.0
LaUwJQL7M4WA9dXc_sYPtg,2.0
h9D494ya9sx_pD_sPUKxvA,1.5
UijdgvBUaJcdWZWqzuyDjg,2.0
prVcY4xSK58PhmGm5iHu-A,2.0
E1AF_8ojxwqGCpZmeixWeA,1.5
JcCSbegCqXmwcV2ERv5TVw,2.0
SIq0jbz3oHHAsxwltaO7Lg,2.0
lgs_LqXk9VQC3ocwnRE7WQ,1.5
UBq0EyWQe42H0lrq0PXXqQ,2.0
cYioR5--CBxEKMxEG_J5dw,2.0
iQDJvMC2q3_H4kfMz3gwPQ,1.5
F5gT_aH4Q9KQWSEnYdyNlQ,1.5
GIG-c0WT3b5f8CdtkyQ9yw,1.5
Z4HFa4iFTAPomgQquOD68g,1.0
LGZPRoNaKyts1mwHeU8s1Q,2.0
9JsUxFmCRNW_0d1Ey8xD2A,2.0
9VjA59fW1-OwPdx-c3XX1Q,2.0
0f4IQo7Odn7nvvO4TCAGAw,2.0
Mx4VdkKKavzans54VwMP1Q,1.5
d1dwAa-FxyowEHMGSu_lNA,2.0
OEYUn7UFXCQeFpmMu0HX5g,1.5
uU70AmVxV_OOgkumhUpu-g,2.0
rlG9WPf3h5MfNwHhpNsWjQ,2.0
AibBhSh7lGTcmy4EzWYTZQ,2.0
tSZ-YjOgclHQaAASoeGEDg,2.0
hfe5StFcj1AH4DVe8coBgA,2.0
3PtV3ZbySJ6AcMKZJ4yX3Q,2.0
3YQlMoOTzRO_JUrt7aPbEg,2.0
KkwfSSO6-W48ktRN2uHlTA,2.0
Z2sNGAzrIO-87r71pgx9Qg,2.0
IYdP383EvqgKP8II9E1HmA,2.0
MFPUNh29shXVupvIPl3VGA,1.5
4fNkABBDDm_lXVJxVGdViw,2.0
ORPFMdzXiIhxATWTJc2-4w,2.0
VBh3-p-pOd_JmwxYanagfA,2.0
PGC0Y5mJa3f5b73wNgEjBQ,1.5
JynkNCizCY6UnwIiH9HI-w,2.0
lSS9k3Fbs8E8qEVTy4-d5w,2.0
n4-9RkaPPW0UNZ4py8vGcg,2.0
AEjoE_n2bfbHpr0zkUM9VA,2.0
dw9uK-1OR8zxcXBRsGCdNw,1.5
igoQcOJEGC7T-1f7TiiFAw,2.0
LTaGl8dE_AGSI_nba-COFg,2.0
8OAxRICR00G9xwdq3OdjCA,2.0
RSWWZGGU4JpCYgr2yASEWw,1.5
M1V2Ic_z79cePuYMWYQg-g,2.0
fLQ9XFlHtYHdAKCS4cSMag,2.0
LneLMatdffYXluN48_g9og,2.0
DabtJLx6Aw5BTTda8EdnKA,2.0
GRF1UUkskqwBB0tOPi563A,2.0
T57zVIOxqr20bdLS3dIp5Q,2.0
RkZIVN-Wyii8he3oO7GdgQ,2.0
bRYNYkMSghVlszXcOtA2XA,2.0
XqmAbDasWtBd76LpJnMKqQ,1.5
jwWyx8gEIhUNzBzyDzWjmQ,2.0
ugzBjxLS8wchZcASnHJO2g,2.0
PhE7XCfBJLDRswoc8OfqUw,2.0
G6RMzMz95RAmsxYZ0AsS6Q,2.0
Ka706638zr3TdqxG3SacWQ,2.0
Kx6vAKUcy3wPhw3K0W9LKQ,2.0
K5kU2IN6mXvMo-Cx0oQFZg,1.5
dGMoe8W5ceZGkqPakfzJaA,1.5
AKxafA8O3AeJl7iQs--XFg,2.0
X4XG6aBH3WsIWIiA0BtHnA,2.0
hHneutBDgSpp7l9CUROyaA,2.0
D4yVNG2H_REHePjmY-oOvg,2.0
6YXNqpgPGTmhAU1YTHAR1Q,2.0
T2K-uBbU56bzGUuxs7ws5A,2.0
Lw0Y13fAlemyMHD5i_qcZg,1.5
uFNCii_PfEh9QiAEszHb4A,2.0
rbCrkMS0bKqEOQg_fzpSVA,2.0
mEtPg9WLMA7dCel4O2sAkw,2.0
z6M6o5R_RYGxhD2r2SqUzQ,2.0
2QclfX_80Y4T2zZ-h0FlmA,1.5
jzmHs1saND7pr1OJ995PAA,1.5
ouovRnEE9M1R_jMm3eWqNQ,2.0
PeR64AIkleu-t9gwed6vow,2.0
HVuATnPVpLjUUTjHuYkzTA,2.0
czfJD7GkQ4j1j9QmCeB4lw,1.5
o04jZ9Pqlo0363KStsoVIw,1.5
mz1n2HTQONwj2Q7VnfvykQ,2.0
s-DcRkNSWj8GJ30Dm790NQ,1.0
3OPWaOkumRzSdWGsbMgrEA,2.0
_ISHH8x8Qe6IoVTQWegbpQ,2.0
8AMLOEzjYuNRmnPYsaF6Ag,2.0
W9_rEowH1SZgkm5bKveFQA,2.0
9RjCCr66IBiP_mZQcYGejg,2.0
7QUM_qi0zUC-ZP5_qHoSJg,1.5
NB5lDhy3lYJvAZ2HwmhvdA,1.5
e8SKP917u2g0MTAaoGkCnA,2.0
VQaLNiZGuG4OnI4-Wnne3w,2.0
V4Xw6yqfVCcNag8tpDgsMw,2.0
aPX8nQb_Y8L34yKrbfUJ4g,2.0
6Pn0AhLymS3QAp3FA-IO6A,2.0
yp12PmvrHoYQvGgpD1Q4mw,2.0
PbU5sHd2KziM-LZ5dU6sFQ,2.0
e4n8HFGm2M4fB2Fe1P0SfQ,2.0
9cyLwyLtcVyn-cavdpHaSw,2.0
zD_0Ubr8kY7vGIwxKZCZZw,2.0
BbasiqJzUlZtldb0r7RvBQ,2.0
jsssdwELXUxNYhDco1Sbmg,2.0
vpr2y1e3VFRSg6UszEuc0A,2.0
yTf5mdwj7sWQMKIE8owiZg,2.0
AvBWthL1cLqMYnltQ6qF5g,2.0
J8PyvKkLBGLhYjSlSg7u2A,2.0
VleSf6P-lyyyfkgNiwGjhA,2.0
kMxYp2GZL5ic6b05gPP57Q,2.0
OuF38B4zLRcZAKpFRUYDuA,1.5
Ic6OGU2zmaVnjIVz9HUIAA,2.0
p3X7T5qvZ7YYBYHl8LN6Vw,2.0
YA4xUXIVsfepzyneA2sNwg,1.5
rVYgfIGN4XMty8kvdTY7GA,2.0
W2Hha4UTbwzLcDJT3y4BsA,2.0
KwnYw_cLsYkUPA6ZUmqsYQ,1.5
EYFV3b2fkt1fOqYnasonfA,2.0
eeFOXbXG7hSQi1ETNeJ1ZQ,2.0
YLeyLOQPUtadlOfVL4Bviw,2.0
AtcthKiiImxkZAm3w8ACzA,1.5
MOYCtEubbPD0Medsqvrk7g,1.5
DmHcLTO3tdzb49T29QiRzQ,2.0
DuaoskPAVBV55px_cwxIVw,2.0
oOZ3pnqAQAKFx6K759bNKw,2.0
99AKqssa7ijKJzoSb7j5Kg,1.5
pPwYr1PwAnsNaZllnwQ_GA,2.0
7kCrDBexvE7ykkO978uxFA,2.0
S5UPn_5f_UKaqi8GO3FoWQ,2.0
qb55mu06oq9RpKNny8xkoQ,2.0
LN0mZ37BeruC0XjyhES-ug,2.0
VyvLGgW17rfTaviNsNugOg,1.5
GHmv9Bn74ukghEWQx2yp7A,2.0
-wl5HM49RN-B-QpoZpG0DQ,1.5
kEJwpuFpvNbuT1uMCpPxsQ,1.5
INZhYI1ffww8KztB-shHuQ,2.0
T8Xow6Bn4VxG5E_-kmkvYA,2.0
W8h4bpdBGDIncWRLGxdjHA,1.5
WEqppm3f_XWwUE58luAHNQ,2.0
6fDr0uxQ6HahgzMq0EkUXQ,2.0
zXdR2maYXz6ooHPGjyi_Ww,1.5
DOmvaki70flMQ8W-yGbaHA,2.0
ydhwOetB6DMqPfNJ1gePpA,2.0
Wf9e-HTSjrvlu5aB_ahjCw,2.0
C9UEigj9cctfzrBcDqbWQA,2.0
nfw8dgUq5u2p0DP3Jo0N0Q,1.5
KWowrYsqiSITwogfi99djQ,1.5
huNUOZSeshXtXf_P-ZC47A,1.5
hOoVmw1bS-aSvOJKenDRCA,2.0
NvL35mHpScWI2wnLPmYQCw,2.0
wdbjLbmj_2nfkwFsD4f3gA,1.5
vqrMlgUsAaE_3hHsPaesjQ,2.0
tca9YdoxwUBXuQb1_IEkOw,1.5
H-pLahyneioCeCFHk2lD7g,2.0
0e0zwBVof4t_CGIelV5gfQ,1.5
P3ghyKxe861PXzZM7vJyjQ,2.0
UzZh5xkG01LJTicRpPDDOw,2.0
exfWB4hSVa1jWCVerV-0PQ,2.0
A2T1l1RUrJ25YxfCbTN7-g,2.0
INvQb5FodB6cBiPRMn7t4Q,2.0
lQ22GkzG0tIJRbzkpMbJxw,1.0
iO5rVwVwQmtlHxpTltRWdQ,2.0
6uRrbM5F2gpzJqZ5JDiZ-Q,1.5
Zzls_AA53uSRjnWCfzzYjw,2.0
kRjr0XGA_tGLhCa-1FSAig,2.0
GflrKU14UDeenaHCTN7xOw,1.5
kInPSo8q0PgA-yp2nws0Uw,2.0
t5sGjdKZ5R2bdsTOPG5f-Q,1.5
I7cItiwL8NOPM45ipSf1QA,2.0
2NnES_12fMqudH3L5bdrSA,2.0
i9YXh8UEzcfTXlg6ptktwg,2.0
3zH5Epow76puvMvHVpmm4w,2.0
MiprjMr-FLhcn2d3Gr-xbw,2.0
7uLYslzc0NNy0126O60__g,1.5
I5D1mgfy_78EAiKIlzxfGg,2.0
f1vur8DUKI2aKR-awL60hA,1.5
CNS4j16dzLWDPEV-UM9SLg,1.5
sP87lLbNzsRMICzwYUwFQg,2.0
GVYP0ZIYLGt-8Rh5L19XIQ,1.5
VDRhqZIVL8rFLe_6UEID3g,1.0
4IBk7w89HiXCQZZ_FqjdCg,2.0
l6C_jcDmKP6rfeNqHHrTAg,2.0
oIhwZxVjkKhhjOIJ78tYvQ,2.0
qlgAl9biUkK1wvmJ4ggDFg,1.5
79X0Nxbb0kTLtOtp_z_wcA,2.0
nEOZ2CBv-Z2hCqVTSDaseQ,2.0
Ng64OojrfYmtyBtv_0UMnw,1.5
LEHCYKIR8PMHaAeDdu4luw,2.0
1uU4oO_oKV50X52w2fTTNg,2.0
6bEW1lUP4ICiSU8hsIL2tA,2.0
4Bs0OFu3yqUz5TyrJjhPKw,1.5
niwDrCLIqi3qvYzD-8VL1A,2.0
-MFnc3jvLEduvqkOlaylHQ,2.0
crQpsP1sBrH16NlYpkEX-A,2.0
rfuCmgGhWoBLx5QvZqadwg,2.0
iDACe__Y9DpIl5GHLSFzwg,1.5
lb3bbj4tO0JWwXDqR9rMFA,2.0
Y0v2Qj7Wq0jDI4rJMsdJsQ,1.5
satUls0f8KqfXkKsdMfaWw,1.5
ALwQeM5E8kpsB6AfSmzW0w,1.5
qjD1sRCQIQoVP6nFIuomNA,1.5
fGZEYvCzqAiQEUYUMiq97g,2.0
p_l1wu_snGJ91AgWpjUrMw,2.0
y_qmQDXa5ve9zdOd46P7Zw,1.0
IdPWiMJnUNa7DksA-Vg-Dg,2.0
lwUIU72aZ96co_EM9S-RVw,1.5
uheQD94aoB14tWNir1QRVg,2.0
Suqv_hGxs44tH8aTAwDBDA,1.5
7DDRk6CozeS__8aLCJ80-A,2.0
VdY6qe9afspFwsbzX1HsOQ,2.0
CmdE8ilxBCqzrtg8DpyO4g,1.5
EF5vR_UUavzPjtgMYFCg5Q,1.5
h38B6D2yfytGJGR1UEqT8Q,2.0
87FYPS7mN5z71PEtrK_msg,2.0
XoitWJUjHcdBl9GqHTsdjw,2.0
mCUG1X42cjrWobtusxLgSQ,1.5
nckQIGiiUxztAQ2Boo6Tlw,1.5
je1q1LWWHP8xMKKBb0egfw,1.5
0R5W3JfCKW_DT6szm-826A,2.0
XHTsgW1ViMHMyIVcuQ7B4A,2.0
ZFdzX-jdfVEO2yQ8sEWp9Q,2.0
IQ73jHD5QXNG4MOqhE6qzw,1.5
QSGWo371BmBLj2Lw3zIXZQ,1.5
poE8oRJe7SPKw_gWHIQ-kw,1.5
CsJReJjzMNtw7ZTPCuVZYQ,2.0
qdCbbg7FyD6mzf0L_g64uA,2.0
6nWbtuFcVxU-2JxHZ6viXg,2.0
2npRyj76jDA_YuKiZn3rlQ,1.0
CcSt0qXxpbpqqylcK0KhMQ,2.0
9nm1KvZJLON6Py6cOzrnvQ,2.0
YAoutB_R_RaiwI3hKQ_TTg,2.0
N-jfUfIei1WP6ceQB9oRCw,1.5
v96aR__oKt2aqT-azpcA6A,2.0
CdihJLYPU5TqhQpxbuuO6g,2.0
gM8YcvjG2G8CTgCarkBAeA,1.0
lWlh5wA7rzEScQInGiMIrw,1.5
dSz-CWk4bEO4y3CzL2x3ZA,2.0
XgwhJRnuu7ErNzyScN00Lw,1.5
-W7kIVd5iQj2-jH37ej24w,1.0
Y7utXTGESvkNExT6nr2MWw,2.0
x0qwRQmOpfZc_urciJFFgg,1.5
6Efw9SBRpyFZtFhEL6y52A,2.0
-3fmY6IhikhUQXpiaLgxHA,1.5
OQEhO5aXQJe1KpiuVPG7qg,2.0
3F6sTwxPd2nnl_vNJz_muQ,2.0
AAnKvhzBX9XwoxveONLTsA,1.0
uxriYnw_WYIqoAxvSZSo5Q,2.0
9VUTqEup282t7RrWYnoOcQ,1.5
iupX3nvMJMiV07M3VKVl4Q,2.0
ibJxthQO5KcVFGAjXkKr_g,2.0
tyC0LaPJo3ct_0JEkTwZxw,2.0
-HnNSLlmNbesJ7NF5CmgFg,2.0
VabAY3GK8-QO2OhD0E5F3A,1.5
OyIClVhymmLR1uNgwFV_KQ,1.5
Dskf5M6jTE3xpqDLGb1OlQ,1.0
Nkv3rXkBf_Xhw_myB5d4Jw,2.0
nPVVaj8T9iI1NrHZZFsqvA,2.0
zik3Lj994wNXYkYoK1PqKQ,2.0
pA0XyMKrUBF6-Wsi5wS1eg,2.0
sHNi50NSUkwOtO28Y60qvg,2.0
LIpOcp7m30sKm4VTmDjddg,2.0
Vv3Qh337yuggEkksNGXLTg,2.0
rx-sG2ugeK8-oT55YcMJcA,1.0
pPCLgIUNGnDtu3OOjavgyg,2.0
A-zAHCowH6uRWXPETwSxJg,2.0
pW2YJJHHDhs2GgMsbj9FbQ,2.0
N-hmuPPHrTxDA_pQXgt9zQ,1.5
s0aRh5eiJIPV4iDRRSR8Ew,2.0
FOS5GH9M1l3AqdoIRpdxvA,1.5
mSso4OtVKrLn4-BVdwAGwA,2.0
jjChNLJnXbtPlxJW3hVi5A,2.0
Ai228_UNO8NjDcWogwgO6g,2.0
DMtNAiybw2XICAimvlFaLg,1.5
mL5RVnssIU6fc0sl-PsGcw,2.0
B-sTZPVQjZUNNICer6VhYg,2.0
qb-JO1nP341EaHG9qVA7_Q,1.5
m7FpRPI-vvVzFVi2CfHFzg,2.0
O7YoGLwEzuk-P9KhL1TO7A,2.0
R4_DQvJzYmWfFn1l-JPZMg,2.0
bTydlGDMk5QsnX9tkNBL7A,1.5
-qeubUfFjWg3yA02IFxbKQ,2.0
VbiAfJRchFaMYdqylVJB4A,1.5
vAlOW7SPS1ZFkDHec-w_VA,2.0
c9aGFquQaVjcMU6mql-JLA,2.0
9x2nOxYt8Dt1B7uH9rWdzA,1.5
FIo91jpKOYVWejRId9DR_A,1.5
VEgWDEC0JY7gucB_xtOCRA,2.0
Ew_BOifmNQrh4P1VJvK5qg,2.0
-LSe47iB69VM1NaipPeRMg,2.0
2eXDnLT-T6odgAOrx8F2gQ,2.0
ZtUoCXdu0o3F2xbzG2LHlQ,2.0
WSVLmH2Ggyn43RYZhDOVPQ,1.5
iRIqMJbQ_BBFkQC5oU9SOg,2.0
Bw1X7qcWTUHvKJyUN7h94Q,2.0
MKiOSSn8lONiMgZednCfXw,2.0
t60cKgEd49NDJiumci4i9g,2.0
3AtlNePpVHC-D1a49LqFtA,2.0
5ipAMcjec7GH7tztXYLTgQ,2.0
W3RhSzTr5PI5vXNSrmEIEQ,2.0
F706EOWbbOe_zdXrVc0jew,2.0
fOnzPzr6nhUlt_rY_W2pKw,1.0
R-WGYWUx3ZjdkNBbMnX4Ng,2.0
FoA6_OQR-r-ruoEEBw9sjw,2.0
EkhrRWzevfFJc8Pm2dVPEA,2.0
yC9LE41paW34zCZNEzDLFw,2.0
trssep2CeYS771KOUFC91w,2.0
uIkX8A6xyf9xmgqbiDvkiA,2.0
tA0uy4Alb-1pbJUKS8FuGw,1.0
lEOzmm_S6ptr9-JVwd4LLw,1.5
uWcNxbYw4mxf12QfWXyuDg,1.0
jFbg3LDOmuqOzzkKGCV5tA,2.0
Kpa-YCDBkBA3OumZ4UMSvA,2.0
DFKZapvg6_KEPgRpdskZ_A,2.0
6fsRajc70u-xE_4O9oCb8g,1.5
dRxHjt418sFRxhyC-FwJtQ,2.0
XVew0ni2DC-4MkYmSrAFDw,2.0
yEvkmoIBNHfYI6IcjLcx7g,2.0
sbZx62E3iv99DZB5EXxWqw,1.5
f2eVsiYVUuDKElCP_tMEcw,1.5
dHDJmPf0SIkL3ZJ8mpHffQ,1.5
qoBHcb7UIXHg3eubD5lqcg,1.5
HiVvm7ey0mm-EIR3T3EkVg,2.0
ekHwmWNXW6etO4m1ZPWZ_w,2.0
O4ezPAZ9NLUYnigDekjz-Q,1.5
8jo2gkJRkQFJsKm7g0EQ6Q,2.0
feo63jUDoc0Kg8UK5NCCMg,1.5
5nws-cXSlaCAGoGZ37bQGg,2.0
Kcr-bbIASd4z6mOPKvD7og,2.0
wYR__rabBBuS1h_fOSeEMA,2.0
oy1xwZL10JbATzRduOGB7g,1.0
spGiAj6ZDwjjBL1q6DXQZg,1.5
HyZeuJVm65beWocGEpi8Zw,1.0
kNNJ0RROfzQaVXJ5nZYIUg,1.5
66jI6z-JuLasvd692ymycg,2.0
er0igxfiINm-jcYyppBGyg,2.0
d5NCb9EFgsE4oPlnSXdIgg,2.0
6cn7-3olpZvRopDemO3Z5A,1.0
jltLP6_SrYYkynpSuxVlwg,2.0
_sYVQM-EIWrwgyi-xKVDVg,2.0
sAEZ5Vjr1sYkle-MDETCFg,2.0
zNX5kwFvt87sND4YKEjc4Q,2.0
aAWvy-BqJZlfVsLDJYFuLQ,2.0
gTGSExiGsfYIpSQVcHeASA,1.0
Wf0GYMw5VXkzjjAOub1jRg,2.0
uWIkRusvVWuVGVP0GsgIgA,1.0
nTfeDYEy9fV4dEc7LMgM2g,2.0
eMwSnSe2HLAJyy7irVm8yA,2.0
O80O8teeYzngk0A-qWzOjw,2.0
Ub6TPFp2wcijnyiXGMgIOA,2.0
pMn0EXytFi5YHTJWzE6AwA,2.0
flxT4xQdjw8U6R7XlA3IrA,2.0
EcrG2b33BWusw_h66BW78A,2.0
2QB0rK7bjym4kHT0YxyXjw,2.0
_DjAApQ5qhhHP5H_gzX57A,1.0
qK447qQ0UYOGGWjlZDxycQ,1.5
D-ZURROjgKZ9f8fxYXnvBg,2.0
agvoaiqarJmYy6du6IHFdw,2.0
dnXO1d3LzkzTbQ4WDdmPJg,2.0
GvFmUk5Hpz-LeMu-Xv8jUQ,1.5
4aDeN4YmAmfy-eKH5BuHQw,2.0
dkgNL4LAIyKexAIRQy7Yew,2.0
zvvCrwrr4VGz-D9GtMhDGQ,2.0
6iFV7W1VltCR6QLzUuTxew,2.0
5i_EHzsHLWrafCqiCFx6_g,2.0
jzP1EDY3shoD-SH2yUtOIg,1.5
Mgdg96b0McfwP4_WZTQeqg,1.5
UOmSlLpZ0yFljNZ4e-rItg,2.0
4Z29_LE_UMOZVIArjlTrBg,1.5
wFOpzA2eiyQ5HlNSuS4-SQ,2.0
GZFj2NfrLlSHOf80YYEeKQ,2.0
pRf3WQ_kOHHf1wsnCs1M-w,1.0
UUdccKHMiuABj59V3-aJYg,2.0
b60J3HQD9aWyVWBn6El9wQ,2.0
FBr0VLYwiuy-LhSPQIKsAA,2.0
o46H8M7GFOpphAWUO-Zx1Q,2.0
UQouZ1z2P3lvG9IZMxubpA,2.0
0U2RQ6U_9C8xczDHs6CDoA,1.5
uVmXLy5PxF1fdHpYwUtx-Q,2.0
vnt6pjX3nu6e-JBTvbf-xA,1.0
yNarSA2fwZm9Gy2urz8xQA,1.5
dFXJvIPJH16u6R12URIefw,2.0
sv1B-Y8EoUn5B4JHDZHwNQ,2.0
BKKapPFEbstjIHVzr0nFNg,1.0
7lMtOZEiWnFtEtahdumobw,2.0
31BSDpbBAfUaul4MVFl9kQ,1.5
k6yo57_ebj_fhRRPnGHWUQ,2.0
NQYmoIHO5llXUlkVCgPglA,2.0
KRTSgsigiIv-D_pt60JywA,2.0
MaazA_USdB6bxjUuPHOcuw,2.0
9nmeU-OOyxkn8vRy5dolNg,2.0
CUsXA3zDKOpSMxyfaaOmTw,1.5
mJOgjR0dZlEtD656oUzlzQ,2.0
hUBpy0QfKsnPP8EqC5xmPg,1.5
Bg5-OSGPOraCCyi1xNplsw,2.0
AGGzTd5APWz2g9EztSrQgw,1.0
bdsKG7MQIMmZ73lgOaTZ0A,2.0
xcm2s9iRUY1unm3mIyr3Bg,1.5
qHWMhZDU9_cXfaNCwG-sAQ,2.0
NAG_v7sl8SNAcJdCNvQQ1A,2.0
KVIo99NkLEln1Mf4f__0uQ,1.5
GjbCtTIClnXdsJ8W3j8GZw,2.0
A8XLtmxLAhgpQPaSHSLJFA,2.0
UJHeQyOB7JJPJZ5pfB3Zvw,1.0
f_CNx-23mCMSaKOg--hoHQ,1.5
t2fYJQX4V7tFezUCaW2Gsw,2.0
UjHaZnSsGbTZUIgYJZcblg,2.0
R1M8E9V7lVCDlgSi8IlqrA,2.0
f5yLhpfriofM681OzkbSzA,2.0
mOjCA_XZs8P78VaWAGRlxg,1.5
-HYqXOC9BYXHrFW5PPefJQ,1.5
KIhkcB2HPwF31s2zFhH7Rw,2.0
noicCHzigi_qecvmWHAFmA,1.0
uJ8pHljIyCw_MRHcdTE48w,2.0
r_efejaFaOjC_Dj0Kp3mLQ,2.0
_0DI4UXAaFC6hOYpBadtIw,1.0
A_Z61Zo1JlUrbSPapI8R_Q,2.0
7bJ3goEhvFu_FFiyCad2oA,2.0
WjYHY3AfycS19EeNmeV8zQ,1.5
dnslaCN5RLTTl5L2uCxKkQ,2.0
2dhfkraQr7AcmYIQHOed_w,1.5
gbjFbaA6saxtPU2o2CqsHA,2.0
r_uFII31-won1amc3FaV-A,2.0
HMEmtYDInYfamfK86IGHXA,2.0
PoIoQkRFlToSF8DURyY6Sw,2.0
gd3UB2xsWzEIAUfrAPOrlA,1.5
9H1nECsWZ-izoJ_q9rPTDQ,2.0
k0MLfppKgJsUBUXR2y01UQ,2.0
h8vo2cBL9mE7Ar0qc0oD0A,2.0
